{
	"info": {
		"_postman_id": "safer-api-collection",
		"name": "Safer API Collection",
		"description": " API ",
		"schema": "https://schema.getpostman.com/json/collection/v2.1.0/collection.json"
	},
	"auth": {
		"type": "bearer",
		"bearer": [
			{
				"key": "token",
				"value": "{{auth_token}}",
				"type": "string"
			}
		]
	},
	"variable": [
		{
			"key": "base_url",
			"value": "http://127.0.0.1:8000/api",
			"type": "string"
		},
		{
			"key": "auth_token",
			"value": "",
			"type": "string"
		}
	],
	"item": [
		{
			"name": "Authentication",
			"item": [
				{
					"name": "Register",
					"request": {
						"auth": {
							"type": "noauth"
						},
						"method": "POST",
						"header": [
							{
								"key": "Accept",
								"value": "application/json",
								"type": "text"
							},
							{
								"key": "Content-Type",
								"value": "application/json",
								"type": "text"
							}
						],
						"body": {
							"mode": "raw",
							"raw": "{\n    \"name\": \"Ahmed Mohamed\",\n    \"email\": \"ahmed@example.com\",\n    \"phone\": \"01234567890\",\n    \"password\": \"password123\",\n    \"password_confirmation\": \"password123\"\n}",
							"options": {
								"raw": {
									"language": "json"
								}
							}
						},
						"url": {
							"raw": "{{base_url}}/register",
							"host": ["{{base_url}}"],
							"path": ["register"]
						},
						"description": "Register a new user account"
					}
				},
				{
					"name": "Login",
					"event": [
						{
							"listen": "test",
							"script": {
								"exec": [
									"if (pm.response.code === 200) {",
									"    var jsonData = pm.response.json();",
									"    if (jsonData.data && jsonData.data.token) {",
									"        pm.collectionVariables.set(\"auth_token\", jsonData.data.token);",
									"    }",
									"}"
								],
								"type": "text/javascript"
							}
						}
					],
					"request": {
						"auth": {
							"type": "noauth"
						},
						"method": "POST",
						"header": [
							{
								"key": "Accept",
								"value": "application/json",
								"type": "text"
							},
							{
								"key": "Content-Type",
								"value": "application/json",
								"type": "text"
							}
						],
						"body": {
							"mode": "raw",
							"raw": "{\n    \"email\": \"ahmed@example.com\",\n    \"password\": \"password123\"\n}",
							"options": {
								"raw": {
									"language": "json"
								}
							}
						},
						"url": {
							"raw": "{{base_url}}/login",
							"host": ["{{base_url}}"],
							"path": ["login"]
						},
						"description": "Login and get authentication token"
					}
				},
				{
					"name": "Get Me",
					"request": {
						"method": "GET",
						"header": [
							{
								"key": "Accept",
								"value": "application/json",
								"type": "text"
							}
						],
						"url": {
							"raw": "{{base_url}}/me",
							"host": ["{{base_url}}"],
							"path": ["me"]
						},
						"description": "Get authenticated user information"
					}
				},
				{
					"name": "Logout",
					"request": {
						"method": "POST",
						"header": [
							{
								"key": "Accept",
								"value": "application/json",
								"type": "text"
							}
						],
						"url": {
							"raw": "{{base_url}}/logout",
							"host": ["{{base_url}}"],
							"path": ["logout"]
						},
						"description": "Logout user"
					}
				}
			]
		},
		{
			"name": "Provinces",
			"item": [
				{
					"name": "Get All Provinces",
					"request": {
						"auth": {
							"type": "noauth"
						},
						"method": "GET",
						"header": [
							{
								"key": "Accept",
								"value": "application/json",
								"type": "text"
							}
						],
						"url": {
							"raw": "{{base_url}}/provinces",
							"host": ["{{base_url}}"],
							"path": ["provinces"]
						},
						"description": "Get all active provinces"
					}
				}
			]
		},
		{
			"name": "Hotels",
			"item": [
				{
					"name": "Get All Hotels",
					"request": {
						"auth": {
							"type": "noauth"
						},
						"method": "GET",
						"header": [
							{
								"key": "Accept",
								"value": "application/json",
								"type": "text"
							}
						],
						"url": {
							"raw": "{{base_url}}/hotels?province_id=1&search=hotel",
							"host": ["{{base_url}}"],
							"path": ["hotels"],
							"query": [
								{
									"key": "province_id",
									"value": "1",
									"description": "Filter by province ID"
								},
								{
									"key": "search",
									"value": "hotel",
									"description": "Search by hotel name"
								}
							]
						},
						"description": "Get all active hotels with optional filters"
					}
				},
				{
					"name": "Get Hotel Details",
					"request": {
						"auth": {
							"type": "noauth"
						},
						"method": "GET",
						"header": [
							{
								"key": "Accept",
								"value": "application/json",
								"type": "text"
							}
						],
						"url": {
							"raw": "{{base_url}}/hotels/1",
							"host": ["{{base_url}}"],
							"path": ["hotels", "1"]
						},
						"description": "Get hotel details with rooms and media"
					}
				},
				{
					"name": "Get Hotel Rooms",
					"request": {
						"auth": {
							"type": "noauth"
						},
						"method": "GET",
						"header": [
							{
								"key": "Accept",
								"value": "application/json",
								"type": "text"
							}
						],
						"url": {
							"raw": "{{base_url}}/hotels/1/rooms?min_price=100&max_price=500&beds_count=2&check_in_date=2024-12-25&check_out_date=2024-12-27",
							"host": ["{{base_url}}"],
							"path": ["hotels", "1", "rooms"],
							"query": [
								{
									"key": "min_price",
									"value": "100",
									"description": "Minimum price per night"
								},
								{
									"key": "max_price",
									"value": "500",
									"description": "Maximum price per night"
								},
								{
									"key": "beds_count",
									"value": "2",
									"description": "Minimum beds count"
								},
								{
									"key": "check_in_date",
									"value": "2024-12-25",
									"description": "Check-in date (Y-m-d)"
								},
								{
									"key": "check_out_date",
									"value": "2024-12-27",
									"description": "Check-out date (Y-m-d)"
								}
							]
						},
						"description": "Get hotel rooms with filters"
					}
				},
				{
					"name": "Check Room Availability",
					"request": {
						"method": "POST",
						"header": [
							{
								"key": "Accept",
								"value": "application/json",
								"type": "text"
							},
							{
								"key": "Content-Type",
								"value": "application/json",
								"type": "text"
							}
						],
						"body": {
							"mode": "raw",
							"raw": "{\n    \"room_id\": 1,\n    \"check_in_date\": \"2024-12-25\",\n    \"check_out_date\": \"2024-12-27\"\n}",
							"options": {
								"raw": {
									"language": "json"
								}
							}
						},
						"url": {
							"raw": "{{base_url}}/hotels/check-availability",
							"host": ["{{base_url}}"],
							"path": ["hotels", "check-availability"]
						},
						"description": "Check if a room is available for specific dates"
					}
				}
			]
		},
		{
			"name": "Bookings",
			"item": [
				{
					"name": "Get My Bookings",
					"request": {
						"method": "GET",
						"header": [
							{
								"key": "Accept",
								"value": "application/json",
								"type": "text"
							}
						],
						"url": {
							"raw": "{{base_url}}/bookings?status=pending&hotel_id=1",
							"host": ["{{base_url}}"],
							"path": ["bookings"],
							"query": [
								{
									"key": "status",
									"value": "pending",
									"description": "Filter by status"
								},
								{
									"key": "hotel_id",
									"value": "1",
									"description": "Filter by hotel ID"
								}
							]
						},
						"description": "Get all bookings for authenticated user"
					}
				},
				{
					"name": "Get Booking Details",
					"request": {
						"method": "GET",
						"header": [
							{
								"key": "Accept",
								"value": "application/json",
								"type": "text"
							}
						],
						"url": {
							"raw": "{{base_url}}/bookings/1",
							"host": ["{{base_url}}"],
							"path": ["bookings", "1"]
						},
						"description": "Get booking details with payments"
					}
				},
				{
					"name": "Create Booking",
					"request": {
						"method": "POST",
						"header": [
							{
								"key": "Accept",
								"value": "application/json",
								"type": "text"
							},
							{
								"key": "Content-Type",
								"value": "application/json",
								"type": "text"
							}
						],
						"body": {
							"mode": "raw",
							"raw": "{\n    \"hotel_id\": 1,\n    \"room_id\": 1,\n    \"check_in_date\": \"2024-12-25\",\n    \"check_out_date\": \"2024-12-27\",\n    \"guests_count\": 2,\n    \"rooms_count\": 1,\n    \"notes\": \"Special request\"\n}",
							"options": {
								"raw": {
									"language": "json"
								}
							}
						},
						"url": {
							"raw": "{{base_url}}/bookings",
							"host": ["{{base_url}}"],
							"path": ["bookings"]
						},
						"description": "Create a new booking"
					}
				},
				{
					"name": "Cancel Booking",
					"request": {
						"method": "POST",
						"header": [
							{
								"key": "Accept",
								"value": "application/json",
								"type": "text"
							}
						],
						"url": {
							"raw": "{{base_url}}/bookings/1/cancel",
							"host": ["{{base_url}}"],
							"path": ["bookings", "1", "cancel"]
						},
						"description": "Cancel a booking"
					}
				}
			]
		},
		{
			"name": "Payments",
			"item": [
				{
					"name": "Get My Payments",
					"request": {
						"method": "GET",
						"header": [
							{
								"key": "Accept",
								"value": "application/json",
								"type": "text"
							}
						],
						"url": {
							"raw": "{{base_url}}/payments?status=completed&booking_id=1",
							"host": ["{{base_url}}"],
							"path": ["payments"],
							"query": [
								{
									"key": "status",
									"value": "completed",
									"description": "Filter by status"
								},
								{
									"key": "booking_id",
									"value": "1",
									"description": "Filter by booking ID"
								}
							]
						},
						"description": "Get all payments for authenticated user"
					}
				},
				{
					"name": "Get Payment Details",
					"request": {
						"method": "GET",
						"header": [
							{
								"key": "Accept",
								"value": "application/json",
								"type": "text"
							}
						],
						"url": {
							"raw": "{{base_url}}/payments/1",
							"host": ["{{base_url}}"],
							"path": ["payments", "1"]
						},
						"description": "Get payment details"
					}
				},
				{
					"name": "Create Payment",
					"request": {
						"method": "POST",
						"header": [
							{
								"key": "Accept",
								"value": "application/json",
								"type": "text"
							},
							{
								"key": "Content-Type",
								"value": "application/json",
								"type": "text"
							}
						],
						"body": {
							"mode": "raw",
							"raw": "{\n    \"booking_id\": 1,\n    \"amount\": 500.00,\n    \"payment_method\": \"cash\",\n    \"transaction_id\": \"TXN123456\",\n    \"notes\": \"Payment notes\"\n}",
							"options": {
								"raw": {
									"language": "json"
								}
							}
						},
						"url": {
							"raw": "{{base_url}}/payments",
							"host": ["{{base_url}}"],
							"path": ["payments"]
						},
						"description": "Create a payment for a booking"
					}
				}
			]
		},
		{
			"name": "Conversations",
			"item": [
				{
					"name": "Get Conversation",
					"request": {
						"method": "GET",
						"header": [
							{
								"key": "Accept",
								"value": "application/json",
								"type": "text"
							}
						],
						"url": {
							"raw": "{{base_url}}/conversation",
							"host": ["{{base_url}}"],
							"path": ["conversation"]
						},
						"description": "Get or create conversation with admin"
					}
				},
				{
					"name": "Send Message",
					"request": {
						"method": "POST",
						"header": [
							{
								"key": "Accept",
								"value": "application/json",
								"type": "text"
							},
							{
								"key": "Content-Type",
								"value": "application/json",
								"type": "text"
							}
						],
						"body": {
							"mode": "raw",
							"raw": "{\n    \"message\": \"Hello, I have a question\",\n    \"file\": null\n}",
							"options": {
								"raw": {
									"language": "json"
								}
							}
						},
						"url": {
							"raw": "{{base_url}}/conversation/message",
							"host": ["{{base_url}}"],
							"path": ["conversation", "message"]
						},
						"description": "Send a message in conversation"
					}
				},
				{
					"name": "Get Unread Count",
					"request": {
						"method": "GET",
						"header": [
							{
								"key": "Accept",
								"value": "application/json",
								"type": "text"
							}
						],
						"url": {
							"raw": "{{base_url}}/conversation/unread-count",
							"host": ["{{base_url}}"],
							"path": ["conversation", "unread-count"]
						},
						"description": "Get unread messages count"
					}
				}
			]
		},
		{
			"name": "Services",
			"item": [
				{
					"name": "Get Buses",
					"request": {
						"auth": {
							"type": "noauth"
						},
						"method": "GET",
						"header": [
							{
								"key": "Accept",
								"value": "application/json",
								"type": "text"
							}
						],
						"url": {
							"raw": "{{base_url}}/services/buses",
							"host": ["{{base_url}}"],
							"path": ["services", "buses"]
						},
						"description": "Get all active buses"
					}
				},
				{
					"name": "Get Trips",
					"request": {
						"auth": {
							"type": "noauth"
						},
						"method": "GET",
						"header": [
							{
								"key": "Accept",
								"value": "application/json",
								"type": "text"
							}
						],
						"url": {
							"raw": "{{base_url}}/services/trips?departure_location=Cairo&arrival_location=Alexandria&date=2024-12-25",
							"host": ["{{base_url}}"],
							"path": ["services", "trips"],
							"query": [
								{
									"key": "departure_location",
									"value": "Cairo",
									"description": "Filter by departure location"
								},
								{
									"key": "arrival_location",
									"value": "Alexandria",
									"description": "Filter by arrival location"
								},
								{
									"key": "date",
									"value": "2024-12-25",
									"description": "Filter by trip date"
								}
							]
						},
						"description": "Get available trips with filters"
					}
				},
				{
					"name": "Get Trip Details",
					"request": {
						"auth": {
							"type": "noauth"
						},
						"method": "GET",
						"header": [
							{
								"key": "Accept",
								"value": "application/json",
								"type": "text"
							}
						],
						"url": {
							"raw": "{{base_url}}/services/trips/1",
							"host": ["{{base_url}}"],
							"path": ["services", "trips", "1"]
						},
						"description": "Get trip details with available seats"
					}
				},
				{
					"name": "Get Private Cars",
					"request": {
						"auth": {
							"type": "noauth"
						},
						"method": "GET",
						"header": [
							{
								"key": "Accept",
								"value": "application/json",
								"type": "text"
							}
						],
						"url": {
							"raw": "{{base_url}}/services/private-cars",
							"host": ["{{base_url}}"],
							"path": ["services", "private-cars"]
						},
						"description": "Get all active private cars"
					}
				},
				{
					"name": "Create Bus Request",
					"request": {
						"method": "POST",
						"header": [
							{
								"key": "Accept",
								"value": "application/json",
								"type": "text"
							},
							{
								"key": "Content-Type",
								"value": "application/json",
								"type": "text"
							}
						],
						"body": {
							"mode": "raw",
							"raw": "{\n    \"trip_id\": 1,\n    \"passengers_count\": 2,\n    \"selected_seats\": [1, 2],\n    \"notes\": \"Window seats preferred\"\n}",
							"options": {
								"raw": {
									"language": "json"
								}
							}
						},
						"url": {
							"raw": "{{base_url}}/services/bus-request",
							"host": ["{{base_url}}"],
							"path": ["services", "bus-request"]
						},
						"description": "Create a bus service request"
					}
				},
				{
					"name": "Create Private Car Request",
					"request": {
						"method": "POST",
						"header": [
							{
								"key": "Accept",
								"value": "application/json",
								"type": "text"
							},
							{
								"key": "Content-Type",
								"value": "application/json",
								"type": "text"
							}
						],
						"body": {
							"mode": "raw",
							"raw": "{\n    \"private_car_id\": 1,\n    \"duration_hours\": 24,\n    \"start_date\": \"2024-12-25\",\n    \"notes\": \"Need GPS navigation\"\n}",
							"options": {
								"raw": {
									"language": "json"
								}
							}
						},
						"url": {
							"raw": "{{base_url}}/services/private-car-request",
							"host": ["{{base_url}}"],
							"path": ["services", "private-car-request"]
						},
						"description": "Create a private car service request"
					}
				},
				{
					"name": "Get My Service Requests",
					"request": {
						"method": "GET",
						"header": [
							{
								"key": "Accept",
								"value": "application/json",
								"type": "text"
							}
						],
						"url": {
							"raw": "{{base_url}}/services/my-requests",
							"host": ["{{base_url}}"],
							"path": ["services", "my-requests"]
						},
						"description": "Get all service requests for authenticated user"
					}
				}
			]
		},
		{
			"name": "Events",
			"item": [
				{
					"name": "Get All Events",
					"request": {
						"auth": {
							"type": "noauth"
						},
						"method": "GET",
						"header": [
							{
								"key": "Accept",
								"value": "application/json",
								"type": "text"
							}
						],
						"url": {
							"raw": "{{base_url}}/events?date=2024-12-25",
							"host": ["{{base_url}}"],
							"path": ["events"],
							"query": [
								{
									"key": "date",
									"value": "2024-12-25",
									"description": "Filter by event date"
								}
							]
						},
						"description": "Get all active events"
					}
				},
				{
					"name": "Get Event Details",
					"request": {
						"auth": {
							"type": "noauth"
						},
						"method": "GET",
						"header": [
							{
								"key": "Accept",
								"value": "application/json",
								"type": "text"
							}
						],
						"url": {
							"raw": "{{base_url}}/events/1",
							"host": ["{{base_url}}"],
							"path": ["events", "1"]
						},
						"description": "Get event details"
					}
				},
				{
					"name": "Purchase Event Tickets",
					"request": {
						"method": "POST",
						"header": [
							{
								"key": "Accept",
								"value": "application/json",
								"type": "text"
							},
							{
								"key": "Content-Type",
								"value": "application/json",
								"type": "text"
							}
						],
						"body": {
							"mode": "raw",
							"raw": "{\n    \"event_id\": 1,\n    \"tickets_count\": 2,\n    \"notes\": \"VIP section preferred\"\n}",
							"options": {
								"raw": {
									"language": "json"
								}
							}
						},
						"url": {
							"raw": "{{base_url}}/events/purchase",
							"host": ["{{base_url}}"],
							"path": ["events", "purchase"]
						},
						"description": "Purchase tickets for an event"
					}
				},
				{
					"name": "Get My Event Tickets",
					"request": {
						"method": "GET",
						"header": [
							{
								"key": "Accept",
								"value": "application/json",
								"type": "text"
							}
						],
						"url": {
							"raw": "{{base_url}}/events/my-tickets",
							"host": ["{{base_url}}"],
							"path": ["events", "my-tickets"]
						},
						"description": "Get all event tickets for authenticated user"
					}
				}
			]
		}
	]
}

